lemonde.txt.xml|4|Test.Categorie|Nombre de Polonais comptaient toucher les |" dividendes économiques "| de leur courage politique : en arrachant, les premiers, leur pays au communisme, n'avaient-ils pas contribué à libérer les Occidentaux de la coûteuse " menace " soviétique et permis, de surcroît, l'unification allemande ?
lemonde.txt.xml|4|Test.Categorie|Nombre de Polonais comptaient toucher les " dividendes économiques " de leur courage politique : en arrachant, les premiers, leur pays au communisme, n'avaient-ils pas contribué à libérer les Occidentaux de la coûteuse |" menace "| soviétique et permis, de surcroît, l'unification allemande ?
lemonde.txt.xml|5|Test.Categorie|En guise de remerciements, les voilà contraints de financer eux-mêmes l'adhésion à l'Organisation du traité de l'Atlantique nord (OTAN), mais aussi l'adoption de l'|" acquis communautaire "| de l'Union européenne.
lemonde.txt.xml|11|Test.Categorie|C'est pourquoi la plupart des commentateurs occidentaux qualifient celle-ci de |" bon élève "| de la " classe difficile " des pays " en transition " vers le capitalisme.
lemonde.txt.xml|11|Test.Categorie|C'est pourquoi la plupart des commentateurs occidentaux qualifient celle-ci de " bon élève " de la |" classe difficile "| des pays " en transition " vers le capitalisme.
lemonde.txt.xml|11|Test.Categorie|C'est pourquoi la plupart des commentateurs occidentaux qualifient celle-ci de " bon élève " de la " classe difficile " des pays |" en transition "| vers le capitalisme.
lemonde.txt.xml|14|Test.Categorie|, alors que les |" ex-communistes "| peuvent ainsi rassembler les " nostalgiques " de la Pologne populaire et certains milieux d'affaires.
lemonde.txt.xml|14|Test.Categorie|, alors que les " ex-communistes " peuvent ainsi rassembler les |" nostalgiques "| de la Pologne populaire et certains milieux d'affaires.
lemonde.txt.xml|18|Test.Categorie|Ces convictions s'enracinent dans le bilan social réel de la |" transition ".|
lemonde.txt.xml|20|Test.Categorie|De même, si le scepticisme des Polonais résiste aux indices macro-économiques, presque tous bons, affichés à Varsovie, c'est que les effets de la mondialisation et de l'adaptation aux normes de Maastricht exigent de leur part, non une pause dans les |" réformes "|, mais au contraire un effort accru.
lemonde.txt.xml|21|Test.Categorie|Député socialiste et rapportrice au Parlement européen, Mme Pervenche Berès annonce en effet que |" les nouveaux membres de l'Union européenne devront s'attendre, dans les premières années qui suivront l'adhésion, à un choc économique important (2) ".|
